tree_depth	nrounds	eta	gamma	subsample	rate_drop	skip_drop	iter	train_rmse_mean	train_rmse_std	test_rmse_mean	test_rmse_std	best_iter
2	738	9.952706270174418e-7	1.4395781705559322e-8	0.8379143267404288	0.5022021329496056	0.125994955888018	738	0.3826551855584678	0.001055001828064388	0.38263155516926595	0.004187827408524098	738
