tree_depth	nrounds	eta	gamma	subsample	rate_drop	skip_drop	iter	train_rmse_mean	train_rmse_std	test_rmse_mean	test_rmse_std	best_iter
13	188	4.088916270066435e-6	9.417857073591822e-9	0.33327820226550103	0.13723088800907135	0.07876262231729925	188	0.4176575493658008	0.001017379676520042	0.4176388702037466	0.004060069552354828	188
